{"NABkP9i4t4mIGSpFn73WIA==":"background1.jpg","L9Lfts9t35b0vcdEi1TjIA==":"mbr-1920x1281.jpg","/5kMeV4cZEgO0Ry5+Hie1g==":"mbr-1046x697.jpg","RxvhV3zGwsAa3Y87cL8HvA==":"mbr-1920x1080.jpg","J5Rf1NRcNcbfuWcSKPZp0A==":"mbr-1920x1276.jpg","2xVM+lSEkuolPdOR3Gr/QQ==":"mbr-1920x1280.jpg","yYHB6Ff+C7Fyjb+Xd7f0ag==":"mbr-1-1920x1280.jpg","c+e5HHbDYJVvDrpMUsh9Mg==":"mbr-1920x960.jpg","Fmh26QwF5QMfbh3dXHKKxA==":"mbr-2-1920x1280.jpg","v169zx6uC0kcArjyO2vRVQ==":"mbr-3-1920x1280.jpg","dMonnI9owVxEr9HYBmsZHg==":"mbr-1-1920x1281.jpg","x79HECyAS1eGxJq+PYGvzg==":"mbr-960x1920.jpg","HoeEF4HfT9nMa9Cg+v0y1w==":"02.jpg","LVqyyOL02/U6Z8aHjjNonA==":"mbr-1920x600.jpg","YBuuVgvA0B88Ajt1RKCbwQ==":"mbr-4-1920x1280.jpg","Q8kyWdiPLYJ/4F1Ss+9IyA==":"03.jpg","L0/S/vvsI9RKzjY/q8haGQ==":"mbr-5-1920x1280.jpg","wPSdwPJTyNLxNP7eZthjRA==":"mbr-6-1920x1280.jpg","h835hmti1GLQ8loDu7FiKw==":"mbr-1920x1335.jpg","UIGJK6r6DV0SPsUO6nX5mw==":"mbr-1920x1279.jpg","8CUSeyTpAV4z08szjYFm+w==":"mbr-7-1920x1280.jpg","oDBS1suFOag6HBf2+u+dzA==":"mbr-1-1920x1276.jpg","OTH6bQynAWe6RwJ++HlW5Q==":"mbr-1920x1278.jpg","tw2IivSNAir9/1C1Xmd8aQ==":"mbr-1920x985.jpg","bokzh2EBvLDZzcYLZO/7DA==":"mbr-1920x1316.jpg","4v8oVieAcbL7cnUsCtZXnA==":"mbr-8-1920x1280.jpg","khSj1YsapAj652Xn8J0ofQ==":"mbr-9-1920x1280.jpg","6QAZyOfZy3K1mLi94jeQig==":"mbr-1920x1232.jpg","rXtrsTZ5jZ79QL0O/9FUHg==":"mbr-1920x1384.jpg","/RpafapuZ2KNZglpZbnEZw==":"mbr-1920x1152.jpg","XfLKPHdO3E5K3Gd8KofAYg==":"mbr-10-1920x1280.jpg","pVVZSKjyj5sKACC6s6VbSA==":"mbr-1920x1440.jpg","HPKANrKFUtnQaNlz2bbchg==":"mbr-11-1920x1280.jpg","sowR02PQioYEiutZXMOM9Q==":"mbr-1920x1357.jpg","wHes0rtN0YvKIgSaKqXvzA==":"mbr-12-1920x1280.jpg","4zGkfNNKtlk+hwGg94kd0w==":"mbr-1920x1079.jpg","pxyo8d8X1wERiZ2kx2dqdg==":"mbr-2-1920x1281.jpg","z3wYHGb0Pd1Dx2ShUKPz2Q==":"mbr-1-1920x960.jpg","uJcTUnOE27fkxAgjFeY4AA==":"mbr-1920x1277.jpg","KlN9cDGO0rfjiJ5wvdWhDw==":"mbr-1920x1371.jpg","YDWweBeLXb5cauHbh8VbBg==":"mbr-1-1920x1079.jpg"}